nodeID, x_location, y_location
8, 12.990621, 60.198193
10, 46.939064, 65.40791
6, 77.916725, 52.853313
7, 93.40107, 16.564873
