nodeID, x_location, y_location
16, 86.86947, 7.596669
20, 80.00685, 23.995253
15, 81.73032, 40.1808
14, 77.49104, 51.324955
7, 53.834244, 86.92922
1, 45.05416, 43.141384
19, 25.98704, 18.39078
3, 22.897697, 18.184704
17, 8.443585, 23.991615
