nodeID, x_location, y_location, parentID, parent_x_location, parent_y_location
14, 62.40601, 90.372055, 1, 80.10146, 91.32868
15, 67.91355, 89.09225, 1, 80.10146, 91.32868
20, 88.5168, 74.407425, 1, 80.10146, 91.32868
